uid,tag,key,time,did,value,metric,last_modify
8284342367,object_name,2026/02/08/8284342367/984366257_185100.lGqIaQQg_a6FaOjIlIwQ-P37CN1lo29qgbRY,1770547860,984366257,CVVfrhjh4LSxKdPPQpSySg==,0,1770559190
8284342367,object_name,2026/02/06/8284342367/984366257_160700.JKGFaQQg_a6FaOjIlIwQ-P37CN1lo29qgbRY,1770365220,984366257,qCNDppkg4eu52Dr6ElU3Sw==,0,1770551325
8284342367,object_name,2026/02/05/8284342367/984366257_173700.vGSEaQQg_a6FaOjIlIwQ-P37CN1lo29qgbRY,1770284220,984366257,m2Y8zcCG3Mma982Iq-iakQ==,0,1770564408
8284342367,object_name,2026/02/02/8284342367/984366257_175200.wHOAaQQg_a6FaOjIlIwQ-P37CN1lo29qgbRY,1770025920,984366257,bqDZGZ8GbzLSaj9kQDf1XA==,0,1770029583
8284342367,object_name,2026/02/01/8284342367/984366257_183500.VCx_aQQg_a6FaOjIlIwQ-P37CN1lo29qgbRY,1769942100,984366257,43JZ3PXWAlvh3RThFp9fXg==,0,1769945957
8284342367,object_name,2026/01/31/8284342367/984366257_191300.vON9aQQg_a6FaOjIlIwQ-P37CN1lo29qgbRY,1769857980,984366257,o1ukvnP6xBV465YMhEQIkw==,0,1769861720
8284342367,object_name,2026/01/30/8284342367/984366257_154900.bGJ8aQQg_a6FaOjIlIwQ-P37CN1lo29qgbRY,1769759340,984366257,DjruSNU0N8D97L2HOFFLDg==,0,1769763846
8284342367,object_name,2026/01/29/8284342367/984366257_154200.SA97aQQg_a6FaOjIlIwQ-P37CN1lo29qgbRY,1769672520,984366257,4Zs7RAHgjSCOHpt5HYFAwA==,0,1769701438
8284342367,object_name,2026/01/28/8284342367/984366257_152800.gLp5aQQg_a6FaOjIlIwQ-P37CN1lo29qgbRY,1769585280,984366257,0K8FK7t-0mpOhdhqkFcqFw==,0,1769709549
8284342367,object_name,2026/01/27/8284342367/984366257_150400.YGN4aQQg_a6FaOjIlIwQ-P37CN1lo29qgbRY,1769497440,984366257,xUpNnuzpkJLpxrnUtRTuOw==,0,1769705945
8284342367,object_name,2026/01/26/8284342367/984366257_162200.KCR3aQQg_a6FaOjIlIwQ-P37CN1lo29qgbRY,1769415720,984366257,iwEMWumiyO6gCxks3ZyP7Q==,0,1769704140
8284342367,object_name,2026/01/25/8284342367/984366257_170600.-Nx1aQQg_a6FaOjIlIwQ-P37CN1lo29qgbRY,1769331960,984366257,qitl3W3QwEmrlhDsNrqHBA==,0,1769698733
8284342367,object_name,2026/01/24/8284342367/984366257_173300.zJF0aQQg_a6FaOjIlIwQ-P37CN1lo29qgbRY,1769247180,984366257,DuBFtS2SddDid6-E32svRg==,0,1769250844
8284342367,object_name,2026/01/23/8284342367/984366257_005542.jlZyaQSg_a6FaOjIlIwQ-P37CN1lo29qgbRY,1769100942,984366257,mebwr2JhxPHHSHzTrXQIIw==,0,1769106152
8284342367,object_name,2026/01/22/8284342367/984366257_165200.MOVxaQQg_a6FaOjIlIwQ-P37CN1lo29qgbRY,1769071920,984366257,pII-WKb0ohw_YPASLJqOZQ==,0,1769085107
8284342367,object_name,2026/01/21/8284342367/984366257_171700.jJlwaQQg_a6FaOjIlIwQ-P37CN1lo29qgbRY,1768987020,984366257,ZpaYSxis48MS9bS1LpF5kg==,0,1769026079
8284342367,object_name,2026/01/21/8284342367/984366257_013500.xLxvaQQg_a6FaOjIlIwQ-P37CN1lo29qgbRY,1768930500,984366257,3QfJOb-MHE2xUt3SfjkiFQ==,0,1768934720
8284342367,object_name,2026/01/20/8284342367/984366257_222200.iI9vaQQg_a6FaOjIlIwQ-P37CN1lo29qgbRY,1768918920,984366257,pIR8HpPeiCjKGboFUhAf3g==,0,1768922582
8284342367,object_name,2026/01/20/8284342367/984366257_181600.4FVvaQQg_a6FaOjIlIwQ-P37CN1lo29qgbRY,1768904160,984366257,aHIlgM8yYzQEXQWFhmRAbA==,0,1768912400
8284342367,object_name,2026/01/19/8284342367/984366257_181100.NANuaQQg_a6FaOjIlIwQ-P37CN1lo29qgbRY,1768817460,984366257,Gdubb2KSNvZVsP2M1uJrTQ==,0,1768878058
8284342367,object_name,2026/01/17/8284342367/984366257_165100.dE1raQQg_a6FaOjIlIwQ-P37CN1lo29qgbRY,1768639860,984366257,d-uI6sq2ljhlonl8FgWuEw==,0,1768758785
8284342367,object_name,2026/01/16/8284342367/984366257_201600.ACxqaQQg_a6FaOjIlIwQ-P37CN1lo29qgbRY,1768565760,984366257,b7Ch1HX3K6aWfufIuWSa2g==,0,1768818694
8284342367,object_name,2026/01/16/8284342367/984366257_180406.Fg1qaQSg_a6FaOjIlIwQ-P37CN1lo29qgbRY,1768557846,984366257,573GGb4MVru2Ig5e7q54xA==,0,1768751156
8284342367,object_name,2026/01/16/8284342367/984366257_165100.9PtpaQQg_a6FaOjIlIwQ-P37CN1lo29qgbRY,1768553460,984366257,6UtYw-lAeyxtI_jU0bqnYg==,0,1768782693
8284342367,object_name,2026/01/15/8284342367/984366257_165800.GKxoaQQg_a6FaOjIlIwQ-P37CN1lo29qgbRY,1768467480,984366257,h5WcFY2YPo39idmZPxk9Gw==,0,1768751157
8284342367,object_name,2026/01/14/8284342367/984366257_163500.NFVnaQQg_a6FaOjIlIwQ-P37CN1lo29qgbRY,1768379700,984366257,u1AAjyGPKAobbXXzOQwqag==,0,1768878943
8284342367,object_name,2026/01/13/8284342367/984366257_163900.pARmaQQg_a6FaOjIlIwQ-P37CN1lo29qgbRY,1768293540,984366257,3AVH-wdPEheA_3pn4OChUg==,0,1768297267
8284342367,object_name,2026/01/12/8284342367/984366257_220800.QABlaQQg_a6FaOjIlIwQ-P37CN1lo29qgbRY,1768226880,984366257,nwUbJV--r8s7The-qQQrhQ==,0,1768230541
8284342367,object_name,2026/01/12/8284342367/984366257_164200.2LNkaQQg_a6FaOjIlIwQ-P37CN1lo29qgbRY,1768207320,984366257,OpdDxxcgB40oIC8TVPjiDA==,0,1768211705
8284342367,object_name,2026/01/11/8284342367/984366257_170100.zGZjaQQg_a6FaOjIlIwQ-P37CN1lo29qgbRY,1768122060,984366257,-bUs_L5GhwiWhRE_eFUaeg==,0,1768127755
8284342367,object_name,2026/01/10/8284342367/984366257_220500.jFxiaQQg_a6FaOjIlIwQ-P37CN1lo29qgbRY,1768053900,984366257,vQjumpFyZoOncSTu3UdEuQ==,0,1768057714
8284342367,object_name,2026/01/10/8284342367/984366257_192200.WDZiaQQg_a6FaOjIlIwQ-P37CN1lo29qgbRY,1768044120,984366257,rmUJiYlHpXux697Unj-akA==,0,1768055706
8284342367,object_name,2026/01/09/8284342367/984366257_213800.uARhaQQg_a6FaOjIlIwQ-P37CN1lo29qgbRY,1767965880,984366257,28I-MfvFKKKDEFur0mDwFg==,0,1767970101
8284342367,object_name,2026/01/09/8284342367/984366257_153400.aK9gaQQg_a6FaOjIlIwQ-P37CN1lo29qgbRY,1767944040,984366257,bKYodhL1SrDoacNSy77rPw==,0,1767947702
8284342367,object_name,2026/01/08/8284342367/984366257_154000.UF9faQQg_a6FaOjIlIwQ-P37CN1lo29qgbRY,1767858000,984366257,YpeNalg0KgK3wbTvx50Jbw==,0,1767862502
8284342367,object_name,2026/01/07/8284342367/984366257_184000.ADheaQQg_a6FaOjIlIwQ-P37CN1lo29qgbRY,1767782400,984366257,gcpObdUIEH4cvwAwUb7HVA==,0,1767813108
8284342367,object_name,2026/01/06/8284342367/984366257_183200.oORcaQQg_a6FaOjIlIwQ-P37CN1lo29qgbRY,1767695520,984366257,6l-h1DehH_fsQ0ZVWs5PYw==,0,1767750716
8284342367,object_name,2026/01/05/8284342367/984366257_162200.qHRbaQQg_a6FaOjIlIwQ-P37CN1lo29qgbRY,1767601320,984366257,YyAbpjr2X7kWtAZQZ2OOcQ==,0,1767607314
8284342367,object_name,2026/01/04/8284342367/984366257_174300.JDZaaQQg_a6FaOjIlIwQ-P37CN1lo29qgbRY,1767519780,984366257,P47t7oy8Ex-OfRMutEcc1Q==,0,1767524698
8284342367,object_name,2026/01/03/8284342367/984366257_180900.vOpYaQQg_a6FaOjIlIwQ-P37CN1lo29qgbRY,1767434940,984366257,376ftZEW7ZPeWRvwcGTkPw==,0,1767465633
8284342367,object_name,2026/01/03/8284342367/984366257_161700.fNBYaQQg_a6FaOjIlIwQ-P37CN1lo29qgbRY,1767428220,984366257,-ZOGlUPOcdTXxQK_FF6uTQ==,0,1767432315
8284342367,object_name,2026/01/02/8284342367/984366257_200500.bLRXaQQg_a6FaOjIlIwQ-P37CN1lo29qgbRY,1767355500,984366257,5uFrUPn9NE4QtVji5-JNFg==,0,1767381456
8284342367,object_name,2026/01/01/8284342367/984366257_194400.AF5WaQQg_a6FaOjIlIwQ-P37CN1lo29qgbRY,1767267840,984366257,AN-zjVye0vD5060bIcYbNg==,0,1767326531
8284342367,object_name,2025/12/31/8284342367/984366257_194200.CAxVaQQg_a6FaOjIlIwQ-P37CN1lo29qgbRY,1767181320,984366257,sBfzdHDGGJbcU8fMA2lz4A==,0,1767330181
8284342367,object_name,2025/12/30/8284342367/984366257_190200.KLFTaQQg_a6FaOjIlIwQ-P37CN1lo29qgbRY,1767092520,984366257,ru-aunVPcxuWiJFGuH_qrw==,0,1767096184
8284342367,object_name,2025/12/29/8284342367/984366257_174300.JE1SaQQg_a6FaOjIlIwQ-P37CN1lo29qgbRY,1767001380,984366257,mKjswaWpgevmSn7Z1fvZCw==,0,1767005311
8284342367,object_name,2025/12/28/8284342367/984366257_170900.rPNQaQQg_a6FaOjIlIwQ-P37CN1lo29qgbRY,1766912940,984366257,tsNZEMf-qW68VBbyToL5tw==,0,1766947665
8284342367,object_name,2025/12/27/8284342367/984366257_170000.EKBPaQQg_a6FaOjIlIwQ-P37CN1lo29qgbRY,1766826000,984366257,7vhaf1JuRSZbqfnUSxLgjg==,0,1766829815
8284342367,object_name,2025/12/26/8284342367/984366257_222700.NJtOaQQg_a6FaOjIlIwQ-P37CN1lo29qgbRY,1766759220,984366257,RjwdSodGCnxzgszObgwKHA==,0,1766762881
8284342367,object_name,2025/12/26/8284342367/984366257_174000.8FdOaQQg_a6FaOjIlIwQ-P37CN1lo29qgbRY,1766742000,984366257,A2jG0vXXbOkkUaikHvTNDQ==,0,1766745810
8284342367,object_name,2025/12/25/8284342367/984366257_162000.sPNMaQQg_a6FaOjIlIwQ-P37CN1lo29qgbRY,1766650800,984366257,ujza2LKy4cie5PHs-ctYaw==,0,1766669684
8284342367,object_name,2025/12/24/8284342367/984366257_184000.AMNLaQQg_a6FaOjIlIwQ-P37CN1lo29qgbRY,1766572800,984366257,HeWi_OPAFSmG-IfbQZ1dgg==,0,1766578450
8284342367,object_name,2025/12/23/8284342367/984366257_165600.IFlKaQQg_a6FaOjIlIwQ-P37CN1lo29qgbRY,1766480160,984366257,dmsBuK7vwDx8efzpFGr5jQ==,0,1766483824
8284342367,object_name,2025/12/22/8284342367/984366257_195900.hDJJaQQg_a6FaOjIlIwQ-P37CN1lo29qgbRY,1766404740,984366257,TtoDSJZJFwq11b7JDemNzA==,0,1766408530
8284342367,object_name,2025/12/21/8284342367/984366257_133500.BIdHaQQg_a6FaOjIlIwQ-P37CN1lo29qgbRY,1766295300,984366257,Lb6DNzwoZ02qz2kURy6TrQ==,0,1766298963
8284342367,object_name,2025/12/20/8284342367/984366257_172600.qGtGaQQg_a6FaOjIlIwQ-P37CN1lo29qgbRY,1766222760,984366257,LY7fKMi1AebUfCVKWX-YeQ==,0,1766226776
8284342367,object_name,2025/12/19/8284342367/984366257_163900.JA9FaQQg_a6FaOjIlIwQ-P37CN1lo29qgbRY,1766133540,984366257,YGafOjTMggxoYbG9QXTIbg==,0,1766137207
8284342367,object_name,2025/12/18/8284342367/984366257_222800.cA9EaQQg_a6FaOjIlIwQ-P37CN1lo29qgbRY,1766068080,984366257,5V1OxKd7fJQf9ynRJjve_w==,0,1766071742
8284342367,object_name,2025/12/18/8284342367/984366257_175130.os5DaQSg_a6FaOjIlIwQ-P37CN1lo29qgbRY,1766051490,984366257,1wA86DxEY4sVp1j2hgIZMg==,0,1766064336
8284342367,object_name,2025/12/18/8284342367/984366257_163900.pL1DaQQg_a6FaOjIlIwQ-P37CN1lo29qgbRY,1766047140,984366257,n1tJmo_AOr6FpoY01NYV6g==,0,1766064337
8284342367,object_name,2025/12/17/8284342367/984366257_230400.YMZCaQQg_a6FaOjIlIwQ-P37CN1lo29qgbRY,1765983840,984366257,dsLbZiBKpe-Fv30DETgr8g==,0,1765987502
8284342367,object_name,2025/12/17/8284342367/984366257_154500.fF9CaQQg_a6FaOjIlIwQ-P37CN1lo29qgbRY,1765957500,984366257,M2HmAeNhcdZdG_oUtKxGHA==,0,1765981418
8284342367,object_name,2025/12/16/8284342367/984366257_180600.CC9BaQQg_a6FaOjIlIwQ-P37CN1lo29qgbRY,1765879560,984366257,dmUDMDUD-zjeENMG9_Yi4A==,0,1765883292
8284342367,object_name,2025/12/16/8284342367/984366257_002308.7DVAaQSg_a6FaOjIlIwQ-P37CN1lo29qgbRY,1765815788,984366257,qitDh4hfTDGTEe8siA2VLw==,0,1765828278
8284342367,object_name,2025/12/15/8284342367/984366257_161900.dMQ_aQQg_a6FaOjIlIwQ-P37CN1lo29qgbRY,1765786740,984366257,CLCh-EzyyXs6h6cZ6qAqZg==,0,1765791499
8284342367,object_name,2025/12/14/8284342367/984366257_172300.9IE-aQQg_a6FaOjIlIwQ-P37CN1lo29qgbRY,1765704180,984366257,S5sXXFG_mdCvBolxJRstOw==,0,1765708154
8284342367,object_name,2025/12/13/8284342367/984366257_162600.GCM9aQQg_a6FaOjIlIwQ-P37CN1lo29qgbRY,1765614360,984366257,6Ta46z4R8G9rcsOhRZRY7g==,0,1765633604
8284342367,object_name,2025/12/12/8284342367/984366257_173300.TOE7aQQg_a6FaOjIlIwQ-P37CN1lo29qgbRY,1765531980,984366257,ArregqH73QWAcx_qWWT0JA==,0,1765535643
8284342367,object_name,2025/12/11/8284342367/984366257_164600.yIQ6aQQg_a6FaOjIlIwQ-P37CN1lo29qgbRY,1765442760,984366257,lB-AJpyXqHNRjP-lVpSWUQ==,0,1765446632
8284342367,object_name,2025/12/09/8284342367/984366257_161000.WNk3aQQg_a6FaOjIlIwQ-P37CN1lo29qgbRY,1765267800,984366257,1_oK8g7gaxzTgW4OwU73hg==,0,1765271464
8284342367,object_name,2025/12/08/8284342367/984366257_160200.-IU2aQQg_a6FaOjIlIwQ-P37CN1lo29qgbRY,1765180920,984366257,9xtaO-E_ugTCT0jteuaJlw==,0,1765184583
8284342367,object_name,2025/12/07/8284342367/984366257_133500.BBI1aQQg_a6FaOjIlIwQ-P37CN1lo29qgbRY,1765085700,984366257,I0fXdAhHs-opfVK9PlpMHg==,0,1765089363
8284342367,object_name,2025/12/06/8284342367/984366257_160100.vOIzaQQg_a6FaOjIlIwQ-P37CN1lo29qgbRY,1765008060,984366257,Z5lIKPGFyo3Zd4kmjtb7cA==,0,1765065085
8284342367,object_name,2025/12/05/8284342367/984366257_160700.pJIyaQQg_a6FaOjIlIwQ-P37CN1lo29qgbRY,1764922020,984366257,zI5hD1JO6Qgnu5QQ17y8mA==,0,1764926154
8284342367,object_name,2025/12/04/8284342367/984366257_173400.iFUxaQQg_a6FaOjIlIwQ-P37CN1lo29qgbRY,1764840840,984366257,v2tp3_JTeIA_mM-U-Wz64Q==,0,1764870401
8284342367,object_name,2025/12/03/8284342367/984366257_224900.3E0waQQg_a6FaOjIlIwQ-P37CN1lo29qgbRY,1764773340,984366257,MWM6tftx1grC1S9Vf4Yr-g==,0,1764870405
8284342367,object_name,2025/12/03/8284342367/984366257_155100.5OsvaQQg_a6FaOjIlIwQ-P37CN1lo29qgbRY,1764748260,984366257,2mCWpLT94uq8tjqFX7YRbA==,0,1764874002
8284342367,object_name,2025/12/02/8284342367/984366257_162900.TKMuaQQg_a6FaOjIlIwQ-P37CN1lo29qgbRY,1764664140,984366257,TyIRQ8Sp58GsJ0-Fgwt1KA==,0,1764669185
8284342367,object_name,2025/12/02/8284342367/984366257_003436.nMMtaQSg_a6FaOjIlIwQ-P37CN1lo29qgbRY,1764606876,984366257,dV_5qy_uXKa2bOKuRJJKAQ==,0,1764667391
8284342367,object_name,2025/12/01/8284342367/984366257_161600.wE4taQQg_a6FaOjIlIwQ-P37CN1lo29qgbRY,1764576960,984366257,lxZfbEcU-6L1YmIvYwZ50Q==,0,1764580802
8284342367,object_name,2025/11/30/8284342367/984366257_172300.9AwsaQQg_a6FaOjIlIwQ-P37CN1lo29qgbRY,1764494580,984366257,jWCO403p27GjwzM1IkvrZA==,0,1764498242
8284342367,object_name,2025/11/29/8284342367/984366257_151800.KJ4qaQQg_a6FaOjIlIwQ-P37CN1lo29qgbRY,1764400680,984366257,Xop9wPUS4jjiaw2A52bPrg==,0,1764433903
8284342367,object_name,2025/11/28/8284342367/984366257_164400.0GApaQQg_a6FaOjIlIwQ-P37CN1lo29qgbRY,1764319440,984366257,W3iTKWPp6Qxq7Ht7sIDcvA==,0,1764335496
8284342367,object_name,2025/11/28/8284342367/984366257_015635.05AoaQSg_a6FaOjIlIwQ-P37CN1lo29qgbRY,1764266195,984366257,zGS9SdRcKuogwbWaMVL-NA==,0,1764340906
8284342367,object_name,2025/11/27/8284342367/984366257_164500.jA8oaQQg_a6FaOjIlIwQ-P37CN1lo29qgbRY,1764233100,984366257,5uCxwmYlzcENYMe4Tb1fGQ==,0,1764340908
8284342367,object_name,2025/11/26/8284342367/984366257_163500.tLsmaQQg_a6FaOjIlIwQ-P37CN1lo29qgbRY,1764146100,984366257,RgIT0yAU4BETzd40UoVCrQ==,0,1764343608
8284342367,object_name,2025/11/25/8284342367/984366257_182500._IMlaQQg_a6FaOjIlIwQ-P37CN1lo29qgbRY,1764066300,984366257,-sdEMQJQBtX7NNh_ZXxJyw==,0,1764073021
8284342367,object_name,2025/11/24/8284342367/984366257_152800.AAkkaQQg_a6FaOjIlIwQ-P37CN1lo29qgbRY,1763969280,984366257,YQWyzjE3GlP3nE44ybQPJA==,0,1763972943
8284342367,object_name,2025/11/23/8284342367/984366257_173300.zNQiaQQg_a6FaOjIlIwQ-P37CN1lo29qgbRY,1763890380,984366257,zW8o9jnoor6FlQEnjuUIIg==,0,1763894055
8284342367,object_name,2025/11/22/8284342367/984366257_170500.vHwhaQQg_a6FaOjIlIwQ-P37CN1lo29qgbRY,1763802300,984366257,D_EU8KtL3fgA6cOu2EVKvA==,0,1763805963
8284342367,object_name,2025/11/21/8284342367/984366257_163100.RCMgaQQg_a6FaOjIlIwQ-P37CN1lo29qgbRY,1763713860,984366257,Hzfja5giy1taG512Jcf1xg==,0,1763718512
8284342367,object_name,2025/11/20/8284342367/984366257_163400.eNIeaQQg_a6FaOjIlIwQ-P37CN1lo29qgbRY,1763627640,984366257,k-nLGH-mRKST3jH_CLgz-Q==,0,1763631374
8284342367,object_name,2025/11/19/8284342367/984366257_221500.5NAdaQQg_a6FaOjIlIwQ-P37CN1lo29qgbRY,1763561700,984366257,8FObrHWFnw2UFVaxJ6pgRQ==,0,1763565368
8284342367,object_name,2025/11/19/8284342367/984366257_152000.oG8daQQg_a6FaOjIlIwQ-P37CN1lo29qgbRY,1763536800,984366257,uU3PR1mQUh7NfGRrBmBAgQ==,0,1763542785
8284342367,object_name,2025/11/18/8284342367/984366257_163600.8C8caQQg_a6FaOjIlIwQ-P37CN1lo29qgbRY,1763454960,984366257,GXqtBaosBjwSBtswFkYOTg==,0,1763458623
8284342367,object_name,2025/11/17/8284342367/984366257_161746.KtoaaQSg_a6FaOjIlIwQ-P37CN1lo29qgbRY,1763367466,984366257,3Z-W6-H4ZFysv-SdcsCpnQ==,0,1763381293
8284342367,object_name,2025/11/17/8284342367/984366257_151200.wMoaaQQg_a6FaOjIlIwQ-P37CN1lo29qgbRY,1763363520,984366257,qENdAZszOCpLjie42znWSQ==,0,1763367184
8284342367,object_name,2025/11/16/8284342367/984366257_165900.VJIZaQQg_a6FaOjIlIwQ-P37CN1lo29qgbRY,1763283540,984366257,0j408CH4HeLNzi5UaxOvMw==,0,1763288396
8284342367,object_name,2025/11/15/8284342367/984366257_154600.uC8YaQQg_a6FaOjIlIwQ-P37CN1lo29qgbRY,1763192760,984366257,ubAteEisN_6swOXY3MJkyw==,0,1763196423
8284342367,object_name,2025/11/14/8284342367/984366257_171400.2PIWaQQg_a6FaOjIlIwQ-P37CN1lo29qgbRY,1763111640,984366257,1x0Ymp-dEeK6bf7nMwi7nw==,0,1763115693
8284342367,object_name,2025/11/13/8284342367/984366257_171900.hKIVaQQg_a6FaOjIlIwQ-P37CN1lo29qgbRY,1763025540,984366257,Q7SvTeUeixGiItE3MaxEYg==,0,1763031857
8284342367,object_name,2025/11/12/8284342367/984366257_165554.mksUaQSg_a6FaOjIlIwQ-P37CN1lo29qgbRY,1762937754,984366257,g9faISbmqOyRRg1tqmEVoQ==,0,1762942872
8284342367,object_name,2025/11/12/8284342367/984366257_151200.QDMUaQQg_a6FaOjIlIwQ-P37CN1lo29qgbRY,1762931520,984366257,70MuIIOzQ0XqHShWbKCDKw==,0,1762935183
8284342367,object_name,2025/11/11/8284342367/984366257_170400.APwSaQQg_a6FaOjIlIwQ-P37CN1lo29qgbRY,1762851840,984366257,0F1JI8-856ynEBICqH9X4g==,0,1762855503
8284342367,object_name,2025/11/09/8284342367/984366257_161400.SE0QaQQg_a6FaOjIlIwQ-P37CN1lo29qgbRY,1762676040,984366257,A4j6-hh72gQa9RTUlG16Yw==,0,1762679703
8284342367,object_name,2025/11/08/8284342367/984366257_220400.0E0PaQQg_a6FaOjIlIwQ-P37CN1lo29qgbRY,1762610640,984366257,hBp2FCsrBYkeBxLW7PpJvQ==,0,1762614302
8284342367,object_name,2025/11/08/8284342367/984366257_162817.If8OaQSg_a6FaOjIlIwQ-P37CN1lo29qgbRY,1762590497,984366257,wdO2BOgmR87ThsRBeOAVsw==,0,1762596039
8284342367,object_name,2025/11/08/8284342367/984366257_152200.mO8OaQQg_a6FaOjIlIwQ-P37CN1lo29qgbRY,1762586520,984366257,cty-CixcCvuGMpwFIxGM1Q==,0,1762590184
8284342367,object_name,2025/11/07/8284342367/984366257_142000.kI8NaQQg_a6FaOjIlIwQ-P37CN1lo29qgbRY,1762496400,984366257,aeg9WngrwpoFmyMyACC_Dg==,0,1762528869
8284342367,object_name,2025/11/07/8284342367/984366257_001556.vMkMaQSg_a6FaOjIlIwQ-P37CN1lo29qgbRY,1762445756,984366257,bWiNLsqh7VH6O2x4vse2cg==,0,1762517183
8284342367,object_name,2025/11/06/8284342367/984366257_163700.LF4MaQQg_a6FaOjIlIwQ-P37CN1lo29qgbRY,1762418220,984366257,8YF2Z8AMTCYJ7YfmWK6XSQ==,0,1762517187
8284342367,object_name,2025/11/05/8284342367/984366257_170600.eBMLaQQg_a6FaOjIlIwQ-P37CN1lo29qgbRY,1762333560,984366257,qh3SyayVSpAEw5rRY6KUiQ==,0,1762520767
8284342367,object_name,2025/11/05/8284342367/984366257_012041.6TUKaQSg_a6FaOjIlIwQ-P37CN1lo29qgbRY,1762276841,984366257,Yf6z6PUiM2zkujnvix9x0Q==,0,1762517179
8284342367,object_name,2025/11/04/8284342367/984366257_172600.qMYJaQQg_a6FaOjIlIwQ-P37CN1lo29qgbRY,1762248360,984366257,Bs7RJNb6d3FRCuz6Gw4lTQ==,0,1762257744
8284342367,object_name,2025/11/03/8284342367/984366257_171300.HHIIaQQg_a6FaOjIlIwQ-P37CN1lo29qgbRY,1762161180,984366257,7JCNvg95cBBRxiK6ZgSqmA==,0,1762164845
8284342367,object_name,2025/11/02/8284342367/984366257_152700.xAcHaQQg_a6FaOjIlIwQ-P37CN1lo29qgbRY,1762068420,984366257,UsRS9iUlY5SHhVUDgkW28A==,0,1762072150
8284342367,object_name,2025/11/01/8284342367/984366257_163200.gMUFaQQg_a6FaOjIlIwQ-P37CN1lo29qgbRY,1761985920,984366257,5oGVLWvSqCagJaKVr6r_tA==,0,1761989583
8284342367,object_name,2025/10/31/8284342367/984366257_171400.2H0EaQQg_a6FaOjIlIwQ-P37CN1lo29qgbRY,1761902040,984366257,sMQGAoDJAzv9cZP-ei6bOA==,0,1761905950
8284342367,object_name,2025/10/30/8284342367/984366257_235700.zIoDaQQg_a6FaOjIlIwQ-P37CN1lo29qgbRY,1761839820,984366257,fj4LrPPA18kCiJejkI_Jyw==,0,1761843563
8284342367,object_name,2025/10/30/8284342367/984366257_203600.sFsDaQQg_a6FaOjIlIwQ-P37CN1lo29qgbRY,1761827760,984366257,KQjo2a4zEa7UBl2VQirXbQ==,0,1761841552
8284342367,object_name,2025/10/30/8284342367/984366257_144900.XAoDaQQg_a6FaOjIlIwQ-P37CN1lo29qgbRY,1761806940,984366257,pUf-txnv-vUExwrRbVZq7w==,0,1761841547
8284342367,object_name,2025/10/29/8284342367/984366257_161900.9M0BaQQg_a6FaOjIlIwQ-P37CN1lo29qgbRY,1761725940,984366257,Uv0Ja5ev60tkmn6Gr54wvw==,0,1761729635
8284342367,object_name,2025/10/28/8284342367/984366257_203500.dLgAaQQg_a6FaOjIlIwQ-P37CN1lo29qgbRY,1761654900,984366257,oerBAe2xn2VwN8RnzQkEcA==,0,1761661049
8284342367,object_name,2025/10/28/8284342367/984366257_164800.QIMAaQQg_a6FaOjIlIwQ-P37CN1lo29qgbRY,1761641280,984366257,MEpCNS1P07GQKvKydF89ew==,0,1761658811
8284342367,object_name,2025/10/27/8284342367/984366257_192700.BFf_aAQg_a6FaOjIlIwQ-P37CN1lo29qgbRY,1761564420,984366257,XF_C8vtmQ-wyQgtOI87W6Q==,0,1761568174
8284342367,object_name,2025/10/27/8284342367/984366257_155000.KCT_aAQg_a6FaOjIlIwQ-P37CN1lo29qgbRY,1761551400,984366257,BV8qrHyl9oY6KrmqCMiC7w==,0,1761556045
8284342367,object_name,2025/10/26/8284342367/984366257_154000.UND9aAQg_a6FaOjIlIwQ-P37CN1lo29qgbRY,1761464400,984366257,rYXimntSvVm5Itd3ftxdlQ==,0,1761468064
8284342367,object_name,2025/10/25/8284342367/984366257_171700.jJX8aAgg_a6FaOjIlIwQ-P37CN1lo29qgbRY,1761383820,984366257,OG5McdttMbvvd5jvLpmvUA==,0,1761388787
8284342367,object_name,2025/10/24/8284342367/984366257_152300.VCn7aAgg_a6FaOjIlIwQ-P37CN1lo29qgbRY,1761290580,984366257,r4ZkYyPv8CsM-vfUBi9Q-A==,0,1761294350
8284342367,object_name,2025/10/23/8284342367/984366257_150100.rNL5aAgg_a6FaOjIlIwQ-P37CN1lo29qgbRY,1761202860,984366257,NXa4tkK3JA6E2-lxxCwhvA==,0,1761206523
8284342367,object_name,2025/10/23/8284342367/984366257_001306.kgL5aAig_a6FaOjIlIwQ-P37CN1lo29qgbRY,1761149586,984366257,_E3T96df022VzLCr-dVdNA==,0,1761162419
8284342367,object_name,2025/10/22/8284342367/984366257_143100.JHr4aAgg_a6FaOjIlIwQ-P37CN1lo29qgbRY,1761114660,984366257,7sOcrrSOCgkyPRR3jbQEVA==,0,1761118323
8284342367,object_name,2025/10/21/8284342367/984366257_234554.sqr3aAig_a6FaOjIlIwQ-P37CN1lo29qgbRY,1761061554,984366257,F2NBFuh70ZFtpJD36KiyWQ==,0,1761065797
8284342367,object_name,2025/10/21/8284342367/984366257_153500.pDf3aAgg_a6FaOjIlIwQ-P37CN1lo29qgbRY,1761032100,984366257,cHAtpcBMDRf_6vXGfz2jqA==,0,1761038467
8284342367,object_name,2025/10/20/8284342367/984366257_145600.AN31aAgg_a6FaOjIlIwQ-P37CN1lo29qgbRY,1760943360,984366257,PAb31JCnR6D1E73twGWzXQ==,0,1760947023
8284342367,object_name,2025/10/19/8284342367/984366257_121600.AGb0aAgg_a6FaOjIlIwQ-P37CN1lo29qgbRY,1760847360,984366257,iyD6Bf5K2V0DKr72ulPW8w==,0,1760851023
8284342367,object_name,2025/10/18/8284342367/984366257_133600.QCfzaAgg_a6FaOjIlIwQ-P37CN1lo29qgbRY,1760765760,984366257,M6Qu3_ljpoXprH10QskUxQ==,0,1760769423
8284342367,object_name,2025/10/17/8284342367/984366257_142900.LOLxaAgg_a6FaOjIlIwQ-P37CN1lo29qgbRY,1760682540,984366257,KrokBhylrtsuJZTJycqW6g==,0,1760686203
8284342367,object_name,2025/10/16/8284342367/984366257_130900.7H3waAgg_a6FaOjIlIwQ-P37CN1lo29qgbRY,1760591340,984366257,Ji_y_06s6tVlnS2d4m_rsQ==,0,1760614744
8284342367,object_name,2025/10/15/8284342367/984366257_231121.mbnvaAig_a6FaOjIlIwQ-P37CN1lo29qgbRY,1760541081,984366257,cMfUzYULIrHDugQD0D1_Pg==,0,1760616544
8284342367,object_name,2025/10/15/8284342367/984366257_141600.IDzvaAgg_a6FaOjIlIwQ-P37CN1lo29qgbRY,1760508960,984366257,4NOICO0iMw6QC-mZs4iAmw==,0,1760513554
8284342367,object_name,2025/10/14/8284342367/984366257_233320.QG3uaAig_a6FaOjIlIwQ-P37CN1lo29qgbRY,1760456000,984366257,SkmsOJHr-LcqlJ1pYv7KDw==,0,1760462400
8284342367,object_name,2025/10/14/8284342367/984366257_155200.IAHuaAgg_a6FaOjIlIwQ-P37CN1lo29qgbRY,1760428320,984366257,XqS0rTTlKxIpjHKw08DhSw==,0,1760432688
8284342367,object_name,2025/10/12/8284342367/984366257_233400.aMrraAgg_a6FaOjIlIwQ-P37CN1lo29qgbRY,1760283240,984366257,QpWAr1VjMufyOQKBpD6MfQ==,0,1760287468
8284342367,object_name,2025/10/12/8284342367/984366257_142200.CEnraAgg_a6FaOjIlIwQ-P37CN1lo29qgbRY,1760250120,984366257,7x0_7_BD66VR8vivEaFPeQ==,0,1760254669
8284342367,object_name,2025/10/11/8284342367/984366257_151400.uAPqaAgg_a6FaOjIlIwQ-P37CN1lo29qgbRY,1760166840,984366257,-gQ2MdEWSomPmBVc-nzR-w==,0,1760170960
8284342367,object_name,2025/10/10/8284342367/984366257_135400.eJ_oaAgg_a6FaOjIlIwQ-P37CN1lo29qgbRY,1760075640,984366257,sc17c4cZhH2aDvwccotsng==,0,1760079303
8284342367,object_name,2025/10/09/8284342367/984366257_155300.3GnnaAgg_a6FaOjIlIwQ-P37CN1lo29qgbRY,1759996380,984366257,NepyjMkynbttmlzRJ8wFBA==,0,1760000106
8284342367,object_name,2025/10/08/8284342367/984366257_210655.72HmaAig_a6FaOjIlIwQ-P37CN1lo29qgbRY,1759928815,984366257,2svZUgYJnOH3W70hnJ23Cw==,0,1759936996
8284342367,object_name,2025/10/08/8284342367/984366257_142100.zALmaAgg_a6FaOjIlIwQ-P37CN1lo29qgbRY,1759904460,984366257,JGQYU-LSBOpWWLJCm10ccQ==,0,1759908266
8284342367,object_name,2025/10/07/8284342367/984366257_130100.jJ7kaAgg_a6FaOjIlIwQ-P37CN1lo29qgbRY,1759813260,984366257,LzAaig7kBxglDvD9aoMdTw==,0,1759816923
8284342367,object_name,2025/10/06/8284342367/984366257_231817.ud3jaAig_a6FaOjIlIwQ-P37CN1lo29qgbRY,1759763897,984366257,XsAnNQNZB3iiB-Wg-NWzbw==,0,1759769862
8284342367,object_name,2025/10/06/8284342367/984366257_160600.aHjjaAgg_a6FaOjIlIwQ-P37CN1lo29qgbRY,1759737960,984366257,GEynKyD06_EKao-TwjGobw==,0,1759741624
8284342367,object_name,2025/10/05/8284342367/984366257_144300.dBPiaAgg_a6FaOjIlIwQ-P37CN1lo29qgbRY,1759646580,984366257,7GA1p0Xe22hFevSfysCVUg==,0,1759650243
8284342367,object_name,2025/10/04/8284342367/984366257_154600.uNDgaAgg_a6FaOjIlIwQ-P37CN1lo29qgbRY,1759563960,984366257,9IFghLAgJeVqlia7xCdpyg==,0,1759567623
8284342367,object_name,2025/10/01/8284342367/984366257_220647.dzXdaAig_a6FaOjIlIwQ-P37CN1lo29qgbRY,1759327607,984366257,l45LkX1im-Zk3JtwwLRFRQ==,0,1759544040
8284342367,object_name,2025/09/29/8284342367/984366257_234601.uanaaAig_a6FaOjIlIwQ-P37CN1lo29qgbRY,1759160761,984366257,HNvILHvpfydoLBwx20ngyA==,0,1759544036
8284342367,object_name,2025/09/29/8284342367/984366257_162200.qEHaaAgg_a6FaOjIlIwQ-P37CN1lo29qgbRY,1759134120,984366257,x0ZxbvcBBjAMxIeH55rJCw==,0,1759138665
8284342367,object_name,2025/09/29/8284342367/984366257_023200.IH_ZaAgg_a6FaOjIlIwQ-P37CN1lo29qgbRY,1759084320,984366257,No7cU2zDPccbkfvQCPpdiA==,0,1759087982
8284342367,object_name,2025/09/28/8284342367/984366257_142500.vNTYaAgg_a6FaOjIlIwQ-P37CN1lo29qgbRY,1759040700,984366257,xY5rys6mn_BZW_EuHdA85g==,0,1759044363
8284342367,object_name,2025/09/28/8284342367/984366257_023700.zC7YaAgg_a6FaOjIlIwQ-P37CN1lo29qgbRY,1758998220,984366257,2lqNy-6-b53cQjjNa1xEZA==,0,1759001882
8284342367,object_name,2025/09/27/8284342367/984366257_142700.tIPXaAgg_a6FaOjIlIwQ-P37CN1lo29qgbRY,1758954420,984366257,86lMk8KaEQiXDQea5KAWxw==,0,1758958083
8284342367,object_name,2025/09/26/8284342367/984366257_141600.oC_WaAgg_a6FaOjIlIwQ-P37CN1lo29qgbRY,1758867360,984366257,BANfKv2UUqsUztheicY0fw==,0,1758879970
8284342367,object_name,2025/09/25/8284342367/984366257_150200.6OjUaAgg_a6FaOjIlIwQ-P37CN1lo29qgbRY,1758783720,984366257,EM0rAvgTqrxOos07MGsPgw==,0,1758787423
8284342367,object_name,2025/09/24/8284342367/984366257_142000.kI3TaAgg_a6FaOjIlIwQ-P37CN1lo29qgbRY,1758694800,984366257,HYzBoGDcCILEq-sQah_xtQ==,0,1758698489
8284342367,object_name,2025/09/22/8284342367/984366257_153200.cPvQaAgg_a6FaOjIlIwQ-P37CN1lo29qgbRY,1758526320,984366257,zB81IOsCoV2y0hWcgh1UWQ==,0,1758542565
8284342367,object_name,2025/09/21/8284342367/984366257_135800.6JPPaAgg_a6FaOjIlIwQ-P37CN1lo29qgbRY,1758434280,984366257,qHoYA3xkW5AU-W8RpgQAsA==,0,1758437943
8284342367,object_name,2025/09/20/8284342367/984366257_185100.FIfOaAgg_a6FaOjIlIwQ-P37CN1lo29qgbRY,1758365460,984366257,hkPZ7Iza6ZVViyByG-hSYA==,0,1758369123
8284342367,object_name,2025/09/20/8284342367/984366257_001105.mYDNaAiK_a6FaOjIlIwQ-P37CN1lo29qgbRY,1758298265,984366257,mWadY1gEzqdomjHKuuHvPg==,0,1758298284
8284342367,object_name,2025/09/20/8284342367/984366257_001102.loDNaAja_a6FaOjIlIwQ-P37CN1lo29qgbRY,1758298262,984366257,jD6x0C__mHBLEuQpRK8v7A==,0,1758303340
8284342367,object_name,2025/09/20/8284342367/984366257_001102.loDNaAjY_a6FaOjIlIwQ-P37CN1lo29qgbRY,1758298262,984366257,4-DHeYrRBx5L4xudHdkgIg==,0,1758303339
8284342367,object_name,2025/09/19/8284342367/984366257_152600.iAXNaAgg_a6FaOjIlIwQ-P37CN1lo29qgbRY,1758266760,984366257,oCP8BbyQbMoNRofMgsfB_Q==,0,1758270449
8284342367,object_name,2025/09/19/8284342367/984366257_010403.gzvMaAja_a6FaOjIlIwQ-P37CN1lo29qgbRY,1758215043,984366257,FLS-M7H7dkTOm95j3EXedQ==,0,1758218430
8284342367,object_name,2025/09/19/8284342367/984366257_010403.gzvMaAjY_a6FaOjIlIwQ-P37CN1lo29qgbRY,1758215043,984366257,AX7L_OCgJ8er-5VsLp6oZQ==,0,1758218430
8284342367,object_name,2025/09/18/8284342367/984366257_153300.rLXLaAgg_a6FaOjIlIwQ-P37CN1lo29qgbRY,1758180780,984366257,AwsmrxDCLjNBfFL476XKWA==,0,1758190517
8284342367,object_name,2025/09/18/8284342367/984366257_011606.1uzKaAja_a6FaOjIlIwQ-P37CN1lo29qgbRY,1758129366,984366257,vK08rnzBo4gBzT3E75wa6Q==,0,1758130517
8284342367,object_name,2025/09/18/8284342367/984366257_011606.1uzKaAjY_a6FaOjIlIwQ-P37CN1lo29qgbRY,1758129366,984366257,PrK0MDV2WOl1g4za31YPwg==,0,1758130517
8284342367,object_name,2025/09/17/8284342367/984366257_155800.CGrKaAgg_a6FaOjIlIwQ-P37CN1lo29qgbRY,1758095880,984366257,H9k-fIIwJWtp9Btve4f3vQ==,0,1758102221
8284342367,object_name,2025/09/16/8284342367/984366257_133900.9PfIaAgg_a6FaOjIlIwQ-P37CN1lo29qgbRY,1758001140,984366257,CcCNjT50COZVLKjl-BKPnA==,0,1758007671
8284342367,object_name,2025/09/15/8284342367/984366257_151100.BLzHaAgg_a6FaOjIlIwQ-P37CN1lo29qgbRY,1757920260,984366257,PJ9AvJmUAV1jaLkHPRTiWg==,0,1757923925
8284342367,object_name,2025/09/15/8284342367/984366257_002800.EO3GaAgg_a6FaOjIlIwQ-P37CN1lo29qgbRY,1757867280,984366257,04IkdTtYZbHIkLcNz77SGQ==,0,1757871007
8284342367,object_name,2025/09/14/8284342367/984366257_124400.EEjGaAgg_a6FaOjIlIwQ-P37CN1lo29qgbRY,1757825040,984366257,kSXxdxlYjFxDmsmKVApJpw==,0,1757828704
8284342367,object_name,2025/09/13/8284342367/984366257_131000.qPzEaAgg_a6FaOjIlIwQ-P37CN1lo29qgbRY,1757740200,984366257,3rvQ-yJpVtMNVUmRddia3w==,0,1757790709
8284342367,object_name,2025/09/13/8284342367/984366257_022700.9GXEaAgg_a6FaOjIlIwQ-P37CN1lo29qgbRY,1757701620,984366257,3ZijQm5g06_UqWGb4tHppw==,0,1757790711
8284342367,object_name,2025/09/12/8284342367/984366257_134200.qLLDaAgg_a6FaOjIlIwQ-P37CN1lo29qgbRY,1757655720,984366257,AXl-s9rxYjbIUd3uZfwF9Q==,0,1757659382
8284342367,object_name,2025/09/11/8284342367/984366257_135700.rGTCaAgg_a6FaOjIlIwQ-P37CN1lo29qgbRY,1757570220,984366257,zaJtdByrMcwAq5HmZN3zpw==,0,1757573888
8284342367,object_name,2025/05/25/8284342367/849971128_172705.aeIyaAja_vfK3Rqqduu32S06EzNMBwju4Pf0,1748165225,849971128,AjbYkdaNGxPne0HMMIT0pw==,0,1748168835
8284342367,object_name,2025/05/25/8284342367/849971128_172705.aeIyaAjY_vfK3Rqqduu32S06EzNMBwju4Pf0,1748165225,849971128,jXoYSHwkPv6i1yMvNGWuQQ==,0,1748168834
8284342367,object_name,2025/05/23/8284342367/849971128_162103.7y8waAja_vfK3Rqqduu32S06EzNMBwju4Pf0,1747988463,849971128,_9GuNb6GX4c6gqi54XMmFQ==,0,1747991840
8284342367,object_name,2025/05/23/8284342367/849971128_162103.7y8waAjY_vfK3Rqqduu32S06EzNMBwju4Pf0,1747988463,849971128,gFAW3Aj5jelUKnGPHIJWtQ==,0,1747991837
